{
  "FONLLweightRun3": {
    "edges": [1, 2, 3, 4, 5, 6, 7, 8, 9, 10, 11, 12, 13, 14, 15, 16, 17, 18, 19, 20, 21, 22, 23, 24, 25, 26, 27, 28, 29, 30, 31, 32, 33, 34, 35, 36, 37, 38, 39, 40, 41, 42, 43, 44, 45, 46, 47, 48, 49, 50, 51, 52, 53, 54, 55, 56, 57, 58, 59, 60, 61, 62, 63, 64, 65, 66, 67, 68, 69, 70, 71, 72, 73, 74, 75, 76, 77, 78, 79, 80, 81, 82, 83, 84, 85, 86, 87, 88, 89, 90, 91, 92, 93, 94, 95, 96, 97, 98, 99, 110],
    "weights": [1.15515, 1.18534, 1.16911, 1.14175, 1.11175, 1.01419, 0.907751, 0.817504, 0.78137, 0.738612, 0.732303, 0.73074, 0.740836, 0.750178, 0.758338, 0.763555, 0.816048, 0.80948, 0.820215, 0.83501, 0.853838, 0.865113, 0.87358, 0.893233, 0.909597, 0.919336, 0.926104, 0.940649, 0.963733, 0.97171, 0.967569, 0.948828, 1.05547, 1.00769, 0.988522, 0.995099, 1.04206, 1.02003, 1.0461, 1.04391, 1.02988, 1.09458, 1.02195, 1.00227, 1.042, 1.00599, 1.08266, 1.0664, 0.999711, 1.10879, 1.09674, 1.09955, 1.09597, 1.13401, 1.04907, 1.11719, 1.02235, 1.11178, 1.04314, 0.940032, 1.1208, 1.09524, 1.09587, 1.06172, 1.32325, 1.23206, 0.975764, 1.09389, 1.22962, 1.23585, 1.10778, 0.978404, 0.976452, 0.926465, 1.36474, 1.0219, 1.06599, 1.1451, 0.944286, 1.01788, 1.08498, 0.893767, 1.08491, 0.824411, 1.10867, 1.11823, 1.26815, 1.04035, 1.12364, 0.999843, 1.09449, 0.800113, 0.839017, 1.24008, 1.07787, 1.1578, 0.926529, 1.34082, 1.54135, 0.973232],
    "default": 1
  },
  "FONLLweightRun3_Up": {
    "edges": [1, 2, 3, 4, 5, 6, 7, 8, 9, 10, 11, 12, 13, 14, 15, 16, 17, 18, 19, 20, 21, 22, 23, 24, 25, 26, 27, 28, 29, 30, 31, 32, 33, 34, 35, 36, 37, 38, 39, 40, 41, 42, 43, 44, 45, 46, 47, 48, 49, 50, 51, 52, 53, 54, 55, 56, 57, 58, 59, 60, 61, 62, 63, 64, 65, 66, 67, 68, 69, 70, 71, 72, 73, 74, 75, 76, 77, 78, 79, 80, 81, 82, 83, 84, 85, 86, 87, 88, 89, 90, 91, 92, 93, 94, 95, 96, 97, 98, 99, 100],
    "weights": [0.538034, 0.583865, 0.615693, 0.640369, 0.659844, 0.63329, 0.592136, 0.552837, 0.551522, 0.534102, 0.542191, 0.549186, 0.561285, 0.572809, 0.583388, 0.591578, 0.636491, 0.635424, 0.647729, 0.663214, 0.681837, 0.694459, 0.704716, 0.723846, 0.740308, 0.75133, 0.759839, 0.774648, 0.796468, 0.805716, 0.804868, 0.791613, 0.882969, 0.845299, 0.831279, 0.838875, 0.88038, 0.863614, 0.887429, 0.887236, 0.876873, 0.933361, 0.872915, 0.857389, 0.892452, 0.862755, 0.929317, 0.916311, 0.860041, 0.954062, 0.94443, 0.947303, 0.944689, 0.977496, 0.90517, 0.963472, 0.882623, 0.958668, 0.900069, 0.812043, 0.965189, 0.942925, 0.942721, 0.913128, 1.1308, 1.05339, 0.838155, 0.935597, 1.04612, 1.04915, 0.94217, 0.834057, 0.830866, 0.788221, 1.13863, 0.862078, 0.895112, 0.955165, 0.793115, 0.848999, 0.89861, 0.746077, 0.891876, 0.686867, 0.902467, 0.905568, 1.01106, 0.839588, 0.896304, 0.801849, 0.865943, 0.647708, 0.673347, 0.950225, 0.834233, 0.882643, 0.72054, 0.986762, 1.09923, 0.738026],
    "default": 1
  },
  "FONLLweightRun3_Down": {
    "edges": [1, 2, 3, 4, 5, 6, 7, 8, 9, 10, 11, 12, 13, 14, 15, 16, 17, 18, 19, 20, 21, 22, 23, 24, 25, 26, 27, 28, 29, 30, 31, 32, 33, 34, 35, 36, 37, 38, 39, 40, 41, 42, 43, 44, 45, 46, 47, 48, 49, 50, 51, 52, 53, 54, 55, 56, 57, 58, 59, 60, 61, 62, 63, 64, 65, 66, 67, 68, 69, 70, 71, 72, 73, 74, 75, 76, 77, 78, 79, 80, 81, 82, 83, 84, 85, 86, 87, 88, 89, 90, 91, 92, 93, 94, 95, 96, 97, 98, 99, 100],
    "weights": [1.83234, 1.81862, 1.74421, 1.68144, 1.62834, 1.47856, 1.31521, 1.17523, 1.11322, 1.04231, 1.02327, 1.01092, 1.01485, 1.01785, 1.01952, 1.01755, 1.07828, 1.06088, 1.06657, 1.07787, 1.0944, 1.10156, 1.10535, 1.12345, 1.13753, 1.14353, 1.14609, 1.15846, 1.18142, 1.18593, 1.17597, 1.14856, 1.27285, 1.21088, 1.18375, 1.18786, 1.2401, 1.21026, 1.23781, 1.23201, 1.21248, 1.2858, 1.19772, 1.17213, 1.21628, 1.17191, 1.25926, 1.23828, 1.1588, 1.28394, 1.26844, 1.27017, 1.26475, 1.30766, 1.20811, 1.28616, 1.17544, 1.27842, 1.1983, 1.0784, 1.288, 1.25825, 1.25911, 1.21956, 1.52622, 1.42001, 1.12053, 1.25962, 1.42077, 1.42973, 1.27954, 1.12792, 1.12687, 1.06902, 1.5963, 1.18579, 1.24077, 1.33889, 1.09856, 1.18972, 1.27425, 1.0438, 1.28047, 0.963848, 1.31702, 1.33288, 1.52721, 1.24271, 1.35246, 1.19906, 1.32426, 0.95335, 1.0054, 1.53069, 1.32206, 1.43344, 1.13283, 1.69517, 1.98366, 1.20852],
    "default": 1
  }
}
